{"cameraMode":{"drawMode":0,"name":"Shaded","section":"Shading Mode"},"sceneLighting":false,"audioPlay":false,"sceneViewState":{"showFog":true,"showMaterialUpdate":false,"showSkybox":true,"showFlares":true,"showImageEffects":true,"showParticleSystems":true},"in2DMode":false,"pivot":{"x":5.003984451293945,"y":-8.635581970214844,"z":4.277327060699463},"rotation":{"x":-0.41327688097953799,"y":-0.5320908427238464,"z":0.3334566354751587,"w":-0.6594706773757935},"size":15.156793594360352,"orthographic":false}