{"cameraMode":{"drawMode":0,"name":"Shaded","section":"Shading Mode"},"sceneLighting":false,"audioPlay":false,"sceneViewState":{"showFog":true,"showMaterialUpdate":false,"showSkybox":true,"showFlares":true,"showImageEffects":true,"showParticleSystems":true},"in2DMode":false,"pivot":{"x":-2.2407474517822267,"y":7.696378707885742,"z":-2.0991830825805666},"rotation":{"x":-0.08716528862714768,"y":0.8934168219566345,"z":-0.19773150980472566,"w":-0.3938416540622711},"size":24.456157684326173,"orthographic":false}